{
 "Ac": 1.1485696054450707,
 "Ag": 1.3346804211421888,
 "Al": 1.4091247474210358,
 "Ar": 0.882697011592045,
 "As": 0.9784111453791343,
 "At": 0.9571413378708923,
 "Au": 1.4091247474210358,
 "B": 0.818887589067319,
 "Ba": 1.3506327767733701,
 "Be": 0.8880144634691056,
 "Bi": 1.3346804211421888,
 "Br": 2.2120599808571733,
 "C": 1.4357120068063385,
 "Ca": 0.9252366266085292,
 "Cd": 0.9943635010103159,
 "Ce": 0.8667446559608636,
 "Cl": 0.7976177815590769,
 "Co": 0.82952249282144,
 "Cr": 0.840157396575561,
 "Cs": 0.8933319153461661,
 "Cu": 1.265553546740402,
 "Dy": 1.3665851324045517,
 "Er": 0.840157396575561,
 "Eu": 1.265553546740402,
 "F": 1.3346804211421888,
 "Fe": 1.3665851324045517,
 "Fr": 0.818887589067319,
 "Ga": 0.9677762416250133,
 "Gd": 0.9092842709773477,
 "Ge": 1.4144421992980964,
 "H": 0.2924598532383282,
 "He": 0.27650749760714666,
 "Hf": 0.9252366266085292,
 "Hg": 2.3822184409231095,
 "Ho": 0.8561097522067426,
 "I": 1.4091247474210358,
 "In": 0.9518238859938317,
 "Ir": 0.9465064341167713,
 "K": 1.3931723917898544,
 "Kr": 1.3506327767733701,
 "La": 2.2120599808571733,
 "Li": 1.1485696054450707,
 "Lu": 0.47325321705838563,
 "Mg": 2.3822184409231095,
 "Mn": 0.8561097522067426,
 "Mo": 1.4888865255769435,
 "N": 0.9571413378708923,
 "Na": 0.9092842709773477,
 "Nb": 0.8348399446985004,
 "Nd": 1.4144421992980964,
 "Ne": 0.9305540784855897,
 "Ni": 0.9092842709773477,
 "O": 1.0634903754121026,
 "Os": 1.3984898436669149,
 "P": 0.9465064341167713,
 "Pa": 0.2924598532383282,
 "Pb": 0.9305540784855897,
 "Pd": 4.636818036796767,
 "Pm": 0.9677762416250133,
 "Po": 1.0634903754121026,
 "Pr": 0.9784111453791343,
 "Pt": 1.004998404764437,
 "Ra": 0.8880144634691056,
 "Rb": 0.8933319153461661,
 "Re": 0.7976177815590769,
 "Rh": 1.3346804211421888,
 "Rn": 1.4357120068063385,
 "Ru": 0.9943635010103159,
 "S": 1.3984898436669149,
 "Sb": 0.8348399446985004,
 "Sc": 0.47325321705838563,
 "Se": 0.8667446559608636,
 "Si": 1.004998404764437,
 "Sm": 1.0209507603956185,
 "Sn": 1.4888865255769435,
 "Sr": 0.9199191747314687,
 "Ta": 1.3931723917898544,
 "Tb": 0.82952249282144,
 "Tc": 0.9518238859938317,
 "Te": 0.9730936935020739,
 "Th": 0.27650749760714666,
 "Tl": 0.9092842709773477,
 "Tm": 1.3346804211421888,
 "V": 1.3346804211421888,
 "W": 0.882697011592045,
 "Xe": 0.9199191747314687,
 "Y": 1.4091247474210358,
 "Zn": 1.0209507603956185,
 "Zr": 0.9730936935020739
}